Name,Slug,Collection ID,Locale ID,Item ID,Archived,Draft,Created On,Updated On,Published On,Meta Title,Meta Description,Texte SEO,Image Open Graph,Arrondissement
Coworking Paris 1er,paris-1er,69ce290c7a25938868f6951a,645a0dff9870f26f8f4163d0,69ce29fa6f79ad4a0ca2258d,false,false,Thu Apr 02 2026 08:34:02 GMT+0000 (Coordinated Universal Time),Thu Apr 02 2026 08:34:02 GMT+0000 (Coordinated Universal Time),Thu Apr 02 2026 08:35:25 GMT+0000 (Coordinated Universal Time),Coworking Paris 1er — Espace de coworking dans le 1er arrondissement,,,,75001
Coworking Paris 2e,paris-2e,69ce290c7a25938868f6951a,645a0dff9870f26f8f4163d0,69ce29fa6f79ad4a0ca2258f,false,false,Thu Apr 02 2026 08:34:02 GMT+0000 (Coordinated Universal Time),Thu Apr 02 2026 08:34:02 GMT+0000 (Coordinated Universal Time),Thu Apr 02 2026 08:35:25 GMT+0000 (Coordinated Universal Time),Coworking Paris 2e — Espace de coworking dans le 2e arrondissement,,,,75002
Coworking Paris 3e,paris-3e,69ce290c7a25938868f6951a,645a0dff9870f26f8f4163d0,69ce29fa6f79ad4a0ca22591,false,false,Thu Apr 02 2026 08:34:02 GMT+0000 (Coordinated Universal Time),Thu Apr 02 2026 08:34:02 GMT+0000 (Coordinated Universal Time),Thu Apr 02 2026 08:35:25 GMT+0000 (Coordinated Universal Time),Coworking Paris 3e — Espace de coworking dans le 3e arrondissement,,,,75003
Coworking Paris 4e,paris-4e,69ce290c7a25938868f6951a,645a0dff9870f26f8f4163d0,69ce29fa6f79ad4a0ca22593,false,false,Thu Apr 02 2026 08:34:02 GMT+0000 (Coordinated Universal Time),Thu Apr 02 2026 08:34:02 GMT+0000 (Coordinated Universal Time),Thu Apr 02 2026 08:35:25 GMT+0000 (Coordinated Universal Time),Coworking Paris 4e — Espace de coworking dans le 4e arrondissement,,,,75004
Coworking Paris 5e,paris-5e,69ce290c7a25938868f6951a,645a0dff9870f26f8f4163d0,69ce29fa6f79ad4a0ca22595,false,false,Thu Apr 02 2026 08:34:02 GMT+0000 (Coordinated Universal Time),Thu Apr 02 2026 08:34:02 GMT+0000 (Coordinated Universal Time),Thu Apr 02 2026 08:35:25 GMT+0000 (Coordinated Universal Time),Coworking Paris 5e — Espace de coworking dans le 5e arrondissement,,,,75005
Coworking Paris 6e,paris-6e,69ce290c7a25938868f6951a,645a0dff9870f26f8f4163d0,69ce2a0ad247caeabb4d319f,false,false,Thu Apr 02 2026 08:34:18 GMT+0000 (Coordinated Universal Time),Thu Apr 02 2026 08:34:18 GMT+0000 (Coordinated Universal Time),Thu Apr 02 2026 08:35:25 GMT+0000 (Coordinated Universal Time),Coworking Paris 6e — Espace de coworking dans le 6e arrondissement,,,,75006
Coworking Paris 7e,paris-7e,69ce290c7a25938868f6951a,645a0dff9870f26f8f4163d0,69ce2a0ad247caeabb4d31a1,false,false,Thu Apr 02 2026 08:34:18 GMT+0000 (Coordinated Universal Time),Thu Apr 02 2026 08:34:18 GMT+0000 (Coordinated Universal Time),Thu Apr 02 2026 08:35:25 GMT+0000 (Coordinated Universal Time),Coworking Paris 7e — Espace de coworking dans le 7e arrondissement,,,,75007
Coworking Paris 8e,paris-8e,69ce290c7a25938868f6951a,645a0dff9870f26f8f4163d0,69ce2a0ad247caeabb4d31a3,false,false,Thu Apr 02 2026 08:34:18 GMT+0000 (Coordinated Universal Time),Thu Apr 02 2026 08:34:18 GMT+0000 (Coordinated Universal Time),Thu Apr 02 2026 08:35:25 GMT+0000 (Coordinated Universal Time),Coworking Paris 8e — Espace de coworking dans le 8e arrondissement,,,,75008
Coworking Paris 9e,paris-9e,69ce290c7a25938868f6951a,645a0dff9870f26f8f4163d0,69ce2a0ad247caeabb4d31a5,false,false,Thu Apr 02 2026 08:34:18 GMT+0000 (Coordinated Universal Time),Thu Apr 02 2026 08:34:18 GMT+0000 (Coordinated Universal Time),Thu Apr 02 2026 08:35:25 GMT+0000 (Coordinated Universal Time),Coworking Paris 9e — Espace de coworking dans le 9e arrondissement,,,,75009
Coworking Paris 10e,paris-10e,69ce290c7a25938868f6951a,645a0dff9870f26f8f4163d0,69ce2a0ad247caeabb4d31a7,false,false,Thu Apr 02 2026 08:34:18 GMT+0000 (Coordinated Universal Time),Thu Apr 02 2026 08:34:18 GMT+0000 (Coordinated Universal Time),Thu Apr 02 2026 08:35:25 GMT+0000 (Coordinated Universal Time),Coworking Paris 10e — Espace de coworking dans le 10e arrondissement,,,,75010
Coworking Paris 11e,paris-11e,69ce290c7a25938868f6951a,645a0dff9870f26f8f4163d0,69ce2a1493f3668418702223,false,false,Thu Apr 02 2026 08:34:28 GMT+0000 (Coordinated Universal Time),Thu Apr 02 2026 08:34:28 GMT+0000 (Coordinated Universal Time),Thu Apr 02 2026 08:35:25 GMT+0000 (Coordinated Universal Time),Coworking Paris 11e — Espace de coworking dans le 11e arrondissement,,,,75011
Coworking Paris 12e,paris-12e,69ce290c7a25938868f6951a,645a0dff9870f26f8f4163d0,69ce2a1493f3668418702225,false,false,Thu Apr 02 2026 08:34:28 GMT+0000 (Coordinated Universal Time),Thu Apr 02 2026 08:34:28 GMT+0000 (Coordinated Universal Time),Thu Apr 02 2026 08:35:25 GMT+0000 (Coordinated Universal Time),Coworking Paris 12e — Espace de coworking dans le 12e arrondissement,,,,75012
Coworking Paris 13e,paris-13e,69ce290c7a25938868f6951a,645a0dff9870f26f8f4163d0,69ce2a1493f3668418702227,false,false,Thu Apr 02 2026 08:34:28 GMT+0000 (Coordinated Universal Time),Thu Apr 02 2026 08:34:28 GMT+0000 (Coordinated Universal Time),Thu Apr 02 2026 08:35:25 GMT+0000 (Coordinated Universal Time),Coworking Paris 13e — Espace de coworking dans le 13e arrondissement,,,,75013
Coworking Paris 14e,paris-14e,69ce290c7a25938868f6951a,645a0dff9870f26f8f4163d0,69ce2a1493f3668418702229,false,false,Thu Apr 02 2026 08:34:28 GMT+0000 (Coordinated Universal Time),Thu Apr 02 2026 08:34:28 GMT+0000 (Coordinated Universal Time),Thu Apr 02 2026 08:35:25 GMT+0000 (Coordinated Universal Time),Coworking Paris 14e — Espace de coworking dans le 14e arrondissement,,,,75014
Coworking Paris 15e,paris-15e,69ce290c7a25938868f6951a,645a0dff9870f26f8f4163d0,69ce2a1493f366841870222b,false,false,Thu Apr 02 2026 08:34:28 GMT+0000 (Coordinated Universal Time),Thu Apr 02 2026 08:34:28 GMT+0000 (Coordinated Universal Time),Thu Apr 02 2026 08:35:25 GMT+0000 (Coordinated Universal Time),Coworking Paris 15e — Espace de coworking dans le 15e arrondissement,,,,75015
Coworking Paris 16e,paris-16e,69ce290c7a25938868f6951a,645a0dff9870f26f8f4163d0,69ce2a1eaa213170cb5ee4ba,false,false,Thu Apr 02 2026 08:34:38 GMT+0000 (Coordinated Universal Time),Thu Apr 02 2026 08:34:38 GMT+0000 (Coordinated Universal Time),Thu Apr 02 2026 08:35:25 GMT+0000 (Coordinated Universal Time),Coworking Paris 16e — Espace de coworking dans le 16e arrondissement,,,,75016
Coworking Paris 17e,paris-17e,69ce290c7a25938868f6951a,645a0dff9870f26f8f4163d0,69ce2a1eaa213170cb5ee4bc,false,false,Thu Apr 02 2026 08:34:38 GMT+0000 (Coordinated Universal Time),Thu Apr 02 2026 08:34:38 GMT+0000 (Coordinated Universal Time),Thu Apr 02 2026 08:35:25 GMT+0000 (Coordinated Universal Time),Coworking Paris 17e — Espace de coworking dans le 17e arrondissement,,,,75017
Coworking Paris 18e,paris-18e,69ce290c7a25938868f6951a,645a0dff9870f26f8f4163d0,69ce2a1eaa213170cb5ee4be,false,false,Thu Apr 02 2026 08:34:38 GMT+0000 (Coordinated Universal Time),Thu Apr 02 2026 08:34:38 GMT+0000 (Coordinated Universal Time),Thu Apr 02 2026 08:35:25 GMT+0000 (Coordinated Universal Time),Coworking Paris 18e — Espace de coworking dans le 18e arrondissement,,,,75018
Coworking Paris 19e,paris-19e,69ce290c7a25938868f6951a,645a0dff9870f26f8f4163d0,69ce2a1eaa213170cb5ee4c0,false,false,Thu Apr 02 2026 08:34:38 GMT+0000 (Coordinated Universal Time),Thu Apr 02 2026 08:34:38 GMT+0000 (Coordinated Universal Time),Thu Apr 02 2026 08:35:25 GMT+0000 (Coordinated Universal Time),Coworking Paris 19e — Espace de coworking dans le 19e arrondissement,,,,75019
Coworking Paris 20e,paris-20e,69ce290c7a25938868f6951a,645a0dff9870f26f8f4163d0,69ce2a1eaa213170cb5ee4c2,false,false,Thu Apr 02 2026 08:34:38 GMT+0000 (Coordinated Universal Time),Thu Apr 02 2026 08:34:38 GMT+0000 (Coordinated Universal Time),Thu Apr 02 2026 08:35:25 GMT+0000 (Coordinated Universal Time),Coworking Paris 20e — Espace de coworking dans le 20e arrondissement,,,,75020
